,DrinkID,DrinkName,Category,Ingredient1,Ingredient2,Ingredient3,Ingredient4,Ingredient5,Ingredient6,Ingredient7,Ingredient8,Ingredient9,Ingredient10,Ingredient11,Ingredient12,Ingredient13,Ingredient14,Ingredient15,Measure1,Measure2,Measure3,Measure4,Measure5,Measure6,Measure7,Measure8,Measure9,Measure10,Measure11,Measure12,Measure13,Measure14,Measure15
403,17222,A1,Cocktail,Gin,Grand Marnier,Lemon Juice,Grenadine,,,,,,,,,,,,1 3/4 shot ,1 Shot ,1/4 Shot,1/8 Shot,,,,,,,,,,,
402,13501,ABC,Shot,Amaretto,Baileys irish cream,Cognac,,,,,,,,,,,,,1/3 ,1/3 ,1/3 ,,,,,,,,,,,,
401,17225,Ace,Cocktail,Gin,Grenadine,Heavy cream,Milk,Egg White,,,,,,,,,,,2 shots ,1/2 shot ,1/2 shot ,1/2 shot,1/2 Fresh,,,,,,,,,,
400,17837,Adam,Ordinary Drink,Dark rum,Lemon juice,Grenadine,,,,,,,,,,,,,2 oz ,1 oz ,1 tsp ,,,,,,,,,,,,
399,13938,AT&T,Ordinary Drink,Absolut Vodka,Gin,Tonic water,,,,,,,,,,,,,1 oz ,1 oz ,4 oz ,,,,,,,,,,,,
398,14610,ACID,Shot,151 proof rum,Wild Turkey,,,,,,,,,,,,,,1 oz Bacardi ,1 oz ,,,,,,,,,,,,,
397,17833,A. J.,Ordinary Drink,Applejack,Grapefruit juice,,,,,,,,,,,,,,1 1/2 oz ,1 oz ,,,,,,,,,,,,,
396,17839,Affair,Ordinary Drink,Strawberry schnapps,Orange juice,Cranberry juice,Club soda,,,,,,,,,,,,2 oz ,2 oz ,2 oz ,,,,,,,,,,,,
395,15106,Apello,Other/Unknown,Orange juice,Grapefruit juice,Apple juice,Maraschino cherry,,,,,,,,,,,,4 cl ,3 cl ,1 cl ,1 ,,,,,,,,,,,
394,15266,Avalon,Ordinary Drink,Vodka,Pisang Ambon,Apple juice,Lemon juice,Lemonade,,,,,,,,,,,3 parts,1 part ,6 parts ,1 1/2 part ,,,,,,,,,,,
393,17835,Abilene,Ordinary Drink,Dark rum,Peach nectar,Orange juice,,,,,,,,,,,,,1 1/2 oz ,2 oz ,3 oz ,,,,,,,,,,,,
392,11023,Almeria,Ordinary Drink,Dark rum,Kahlua,Egg white,,,,,,,,,,,,,2 oz ,1 oz ,1 ,,,,,,,,,,,,
391,17228,Addison,Cocktail,Gin,Vermouth,,,,,,,,,,,,,,1 1/2 shot ,1 1/2 shot ,,,,,,,,,,,,,
390,17836,Acapulco,Ordinary Drink,Light rum,Triple sec,Lime juice,Sugar,Egg white,Mint,,,,,,,,,,1 1/2 oz ,1 1/2 tsp ,1 tblsp ,1 tsp ,1 ,1 ,,,,,,,,,
389,17840,Affinity,Ordinary Drink,Scotch,Sweet Vermouth,Dry Vermouth,Orange bitters,,,,,,,,,,,,1 1/2 oz ,1 oz ,1 oz ,2 dashes ,,,,,,,,,,,
388,11046,Applecar,Ordinary Drink,Applejack,Triple sec,Lemon juice,,,,,,,,,,,,,1 oz ,1 oz ,1 oz ,,,,,,,,,,,,
387,17180,Aviation,Cocktail,Gin,lemon juice,maraschino liqueur,,,,,,,,,,,,,4.5 cl,1.5 cl,1.5 cl,,,,,,,,,,,,
386,11014,Alexander,Ordinary Drink,Gin,Creme de Cacao,Light cream,Nutmeg,,,,,,,,,,,,1/2 oz ,1/2 oz white ,2 oz ,,,,,,,,,,,,
385,11020,Algonquin,Ordinary Drink,Blended whiskey,Dry Vermouth,Pineapple juice,,,,,,,,,,,,,1 1/2 oz ,1 oz ,1 oz ,,,,,,,,,,,,
384,11021,Allegheny,Ordinary Drink,Dry Vermouth,Bourbon,Blackberry brandy,Lemon juice,Lemon peel,,,,,,,,,,,1 oz ,1 oz ,1 1/2 tsp ,1 1/2 tsp ,1 twist of ,,,,,,,,,,
383,11055,Artillery,Ordinary Drink,Sweet Vermouth,Gin,Bitters,,,,,,,,,,,,,1 1/2 tsp ,1 1/2 oz ,2 dashes ,,,,,,,,,,,,
382,12560,Afterglow,Cocktail,Grenadine,Orange juice,Pineapple juice,,,,,,,,,,,,,1 part ,4 parts ,4 parts ,,,,,,,,,,,,
381,12756,Autodafé,Ordinary Drink,Vodka,Lime juice,Soda water,,,,,,,,,,,,,4 cl ,1 dash ,,,,,,,,,,,,,
380,13162,Afternoon,Coffee / Tea,Kahlua,Baileys irish cream,Frangelico,Coffee,Cream,,,,,,,,,,,1 cl ,1 cl ,1 1/2 ,4 cl hot ,,,,,,,,,,,
379,15182,After sex,Ordinary Drink,Vodka,Creme de Banane,Orange juice,,,,,,,,,,,,,2 cl ,1 cl ,,,,,,,,,,,,,
378,13332,B-53,Shot,Kahlua,Sambuca,Grand Marnier,,,,,,,,,,,,,1/3 shot ,1/3 shot ,1/3 shot ,,,,,,,,,,,,
377,15853,B-52,Shot,Baileys irish cream,Grand Marnier,Kahlua,,,,,,,,,,,,,1/3 ,1/3 ,1/4 ,,,,,,,,,,,,
376,17254,Bijou,Cocktail,Orange Bitters,Green Chartreuse,Gin,Sweet Vermouth,,,,,,,,,,,,1 dash,1 oz,1 oz,1 oz,,,,,,,,,,,
375,11149,Boxcar,Ordinary Drink,Gin,Triple sec,Lemon juice,Grenadine,Egg white,,,,,,,,,,,1 1/2 oz ,1 oz ,1 tsp ,1/2 tsp ,1 ,,,,,,,,,,
374,13222,Big Red,Shot,Irish cream,Goldschlager,,,,,,,,,,,,,,1/2 oz ,1/2 oz ,,,,,,,,,,,,,
373,17195,Bellini,Ordinary Drink,Champagne,Peach schnapps,,,,,,,,,,,,,,6 oz ,1 oz ,,,,,,,,,,,,,
372,17210,Bramble,Ordinary Drink,Gin,lemon juice,Sugar syrup,Creme de Mure,,,,,,,,,,,,4 cl,1.5 cl,1 cl,1.5 cl,,,,,,,,,,,
371,11060,Balmoral,Ordinary Drink,Scotch,Sweet Vermouth,Dry Vermouth,Bitters,,,,,,,,,,,,1 1/2 oz ,1/2 oz ,1/2 oz ,2 dashes ,,,,,,,,,,,
370,11120,Bluebird,Ordinary Drink,Gin,Triple sec,Blue Curacao,Bitters,Maraschino cherry,Lemon peel,,,,,,,,,,1 1/2 oz ,1/2 oz ,1/2 oz ,2 dashes ,1 ,1 twist of ,,,,,,,,,
369,178310,Brooklyn,Cocktail,Rye Whiskey,Dry Vermouth,Maraschino Liqueur,Angostura Bitters,Maraschino Cherry,,,,,,,,,,,2 oz,1 oz,1/4 oz,3 dashes,1,,,,,,,,,,
368,11124,Boomerang,Ordinary Drink,Gin,Dry Vermouth,Bitters,Maraschino liqueur,Maraschino cherry,,,,,,,,,,,2 oz ,1/2 oz ,2 dashes ,1/2 tsp ,1 ,,,,,,,,,,
367,12572,Bora Bora,Cocktail,Pineapple juice,Passion fruit juice,Lemon juice,Grenadine,,,,,,,,,,,,10 cl ,6 cl ,1 cl ,1 cl ,,,,,,,,,,,
366,17209,Barracuda,Ordinary Drink,Rum,Galliano,Pineapple Juice,Lime Juice,Prosecco,,,,,,,,,,,4.5 cl,1.5 cl,6 cl, 1 dash,top up ,,,,,,,,,,
365,17035,Buccaneer,Beer,Corona,Bacardi Limon,,,,,,,,,,,,,,1 ,1 shot ,,,,,,,,,,,,,
364,17825,Brigadier,Cocktail,Hot Chocolate,Green Chartreuse,Cherry Heering,,,,,,,,,,,,,4 oz,1 oz,1 oz,,,,,,,,,,,,
363,178311,Broadside,Cocktail,151 proof rum,Scotch,Bitters,Wormwood,Ice,,,,,,,,,,,1 shot,1/2 shot,3 drops,1 Fresh,cubes,,,,,,,,,,
362,11106,Blackthorn,Ordinary Drink,Sweet Vermouth,Sloe gin,Lemon peel,,,,,,,,,,,,,1 oz ,1 1/2 oz ,1 twist of ,,,,,,,,,,,,
361,13395,Bob Marley,Shot,Midori melon liqueur,Jägermeister,Goldschlager,,,,,,,,,,,,,1/2 oz ,1/2 oz ,1/2 oz ,,,,,,,,,,,,
360,14730,Bubble Gum,Shot,Vodka,Banana liqueur,Orange juice,Peach schnapps,,,,,,,,,,,,1/4 ,1/4 ,1/4 ,1/4 ,,,,,,,,,,,
359,16986,Bible Belt,Other/Unknown,Southern Comfort,Triple sec,Lime,Sour mix,,,,,,,,,,,,2 oz ,1/2 oz ,2 wedges ,2 oz ,,,,,,,,,,,
358,17120,Brain Fart,Punch / Party Drink,Everclear,Vodka,Mountain Dew,Surge,Lemon juice,Rum,,,,,,,,,,1 fifth ,1 fifth Smirnoff red label ,2 L ,2 L ,1 small bottle ,1 pint ,,,,,,,,,
357,11113,Bloody Mary,Ordinary Drink,Vodka,Tomato juice,Lemon juice,Worcestershire sauce,Tabasco sauce,Lime,,,,,,,,,,1 1/2 oz ,3 oz ,1 dash ,1/2 tsp ,2-3 drops ,1 wedge ,,,,,,,,,
356,11117,Blue Lagoon,Ordinary Drink,Vodka,Blue Curacao,Lemonade,Cherry,,,,,,,,,,,,1 oz ,1 oz ,,,,,,,,,,,,,
355,11129,Boston Sour,Ordinary Drink,Blended whiskey,Lemon,Powdered sugar,Egg white,Lemon,Cherry,,,,,,,,,,2 oz ,Juice of 1/2 ,1 tsp ,1 ,1 slice ,1 ,,,,,,,,,
354,11164,Brandy Flip,Ordinary Drink,Brandy,Egg,Sugar,Light cream,Nutmeg,,,,,,,,,,,2 oz ,1 whole ,1 tsp superfine ,1/2 oz ,1/8 tsp grated ,,,,,,,,,,
353,17185,Casino,Ordinary Drink,Gin,Maraschino liqueur,Lemon juice,Orange bitters,Cherry,,,,,,,,,,,2 oz ,1/4 tsp ,1/4 tsp ,2 dashes ,1 ,,,,,,,,,,
352,11202,Caipirinha,Ordinary Drink,Sugar,Lime,Cachaca,,,,,,,,,,,,,2 tsp,1 ,2 1/2 oz ,,,,,,,,,,,,
351,11239,Cherry Rum,Ordinary Drink,Light rum,Cherry brandy,Light cream,,,,,,,,,,,,,1 1/4 oz ,1 1/2 tsp ,1 tblsp ,,,,,,,,,,,,
350,11288,Cuba Libre,Ordinary Drink,Light rum,Lime,Coca-Cola,,,,,,,,,,,,,2 oz ,Juice of 1/2 ,,,,,,,,,,,,,
349,13751,Cuba Libra,Ordinary Drink,Dark rum,Lime,Coca-Cola,Ice,,,,,,,,,,,,1-2 shot ,Squeeze ,Fill with ,,,,,,,,,,,,
348,14181,Cafe Savoy,Coffee / Tea,Coffee,Milk,Triple sec,Brandy,,,,,,,,,,,,,1/2 oz ,1/2 oz ,,,,,,,,,,,,
347,14608,Cream Soda,Cocktail,Spiced rum,Ginger ale,,,,,,,,,,,,,,1 oz ,,,,,,,,,,,,,,
346,17830,Corn n Oil,Cocktail,Lime,Falernum,Angostura Bitters,Añejo rum,blackstrap rum,,,,,,,,,,,1/2,1/3 oz,2 dashes,1 oz,1 oz,,,,,,,,,,
345,11222,Casa Blanca,Ordinary Drink,Light rum,Triple sec,Lime juice,Maraschino liqueur,,,,,,,,,,,,2 oz ,1 1/2 tsp ,1 1/2 tsp ,1 1/2 tsp ,,,,,,,,,,,
344,17186,Clover Club,Ordinary Drink,Gin,Grenadine,Lemon,Egg white,,,,,,,,,,,,1 1/2 oz ,2 tsp ,Juice of 1/2 ,1 ,,,,,,,,,,,
343,17135,Citrus Coke,Soft Drink / Soda,Bacardi Limon,Coca-Cola,,,,,,,,,,,,,,1 part ,2 parts ,,,,,,,,,,,,,
342,11242,Chicago Fizz,Ordinary Drink,Light rum,Port,Lemon,Powdered sugar,Egg white,Carbonated water,,,,,,,,,,1 oz ,1 oz ,Juice of 1/2 ,1 tsp ,1 ,,,,,,,,,,
341,11251,City Slicker,Ordinary Drink,Brandy,Triple sec,Lemon juice,,,,,,,,,,,,,2 oz ,1/2 oz ,1 tblsp ,,,,,,,,,,,,
340,12800,Coffee-Vodka,Homemade Liqueur,Water,Sugar,Coffee,Vanilla,Vodka,Caramel coloring,,,,,,,,,,2 cups ,2 cups white ,1/2 cup instant ,1/2,1 1/2 cup,,,,,,,,,,
339,13206,Caipirissima,Ordinary Drink,Lime,Sugar,White rum,Ice,,,,,,,,,,,,2 ,2 tblsp ,2-3 oz ,crushed ,,,,,,,,,,,
338,16047,Campari Beer,Beer,Lager,Campari,,,,,,,,,,,,,,1 bottle ,1 1/2 cl ,,,,,,,,,,,,,
337,17196,Cosmopolitan,Cocktail,Absolut Citron,Lime juice,Cointreau,Cranberry juice,,,,,,,,,,,,1 1/4 oz ,1/4 oz ,1/4 oz ,1/4 cup ,,,,,,,,,,,
336,11224,Casino Royale,Ordinary Drink,Gin,Lemon juice,Maraschino liqueur,Orange bitters,Egg yolk,,,,,,,,,,,2 oz ,1/2 oz ,1 tsp ,1 dash ,1 ,,,,,,,,,,
335,11255,Clove Cocktail,Ordinary Drink,Sweet Vermouth,Sloe gin,Wine,,,,,,,,,,,,,1 oz ,1/2 oz ,1/2 oz Muscatel ,,,,,,,,,,,,
334,12798,Coffee Liqueur,Homemade Liqueur,Coffee,Vanilla extract,Sugar,Vodka,Water,,,,,,,,,,,10 tblsp instant ,4 tblsp ,2 1/2 cups ,1 qt ,2 1/2 cups ,,,,,,,,,,
333,13328,Chocolate Milk,Shot,Chocolate liqueur,Milk,Amaretto,,,,,,,,,,,,,1/2 shot ,1/2 shot ,1 dash ,,,,,,,,,,,,
332,17108,Coke and Drops,Soft Drink / Soda,Coca-Cola,Lemon juice,,,,,,,,,,,,,,1 dl ,7 drops ,,,,,,,,,,,,,
331,12734,Chocolate Drink,Cocoa,Chocolate,Milk,Water,,,,,,,,,,,,,125 gr,3/4 L ,,,,,,,,,,,,,
330,12808,Creme de Menthe,Homemade Liqueur,Sugar,Water,Grain alcohol,Peppermint extract,Food coloring,,,,,,,,,,,8 cups ,6 cups ,1 pint ,1 oz pure ,1 tblsp green ,,,,,,,,,,
329,12890,Cranberry Punch,Punch / Party Drink,Cranberry juice,Sugar,Pineapple juice,Almond flavoring,Ginger ale,,,,,,,,,,,4 cups ,1 1/2 cup ,4 cups ,1 tblsp ,2 qt ,,,,,,,,,,
328,17187,Derby,Ordinary Drink,gin,Peach Bitters,Mint,,,,,,,,,,,,,6 cl,2 dashes,2 Fresh leaves,,,,,,,,,,,,
327,13128,Diesel,Beer,Lager,Cider,Blackcurrant cordial,,,,,,,,,,,,,1/2 pint ,1/2 pint ,1 dash ,,,,,,,,,,,,
326,11006,Daiquiri,Ordinary Drink,Light rum,Lime,Powdered sugar,,,,,,,,,,,,,1 1/2 oz ,Juice of 1/2 ,1 tsp ,,,,,,,,,,,,
325,15409,Danbooka,Coffee / Tea,Coffee,Everclear,,,,,,,,,,,,,,3 parts ,1 part ,,,,,,,,,,,,,
324,11320,Dragonfly,Ordinary Drink,Gin,Ginger ale,Lime,,,,,,,,,,,,,1 1/2 oz ,4 oz ,1 ,,,,,,,,,,,,
323,16991,Downshift,Punch / Party Drink,Fruit punch,Sprite,Tequila,151 proof rum,,,,,,,,,,,,2 part ,1 part ,2 shots ,Float Bacardi ,,,,,,,,,,,
322,11324,Dry Rob Roy,Ordinary Drink,Scotch,Dry Vermouth,Lemon peel,,,,,,,,,,,,,2 1/2 oz ,1 1/2 tsp ,1 twist of ,,,,,,,,,,,,
321,11005,Dry Martini,Cocktail,Gin,Dry Vermouth,Olive,,,,,,,,,,,,,1 2/3 oz ,1/3 oz ,1 ,,,,,,,,,,,,
320,14466,Dirty Nipple,Shot,Kahlua,Sambuca,Baileys irish cream,,,,,,,,,,,,,,,,,,,,,,,,,,,
319,17181,Dirty Martini,Cocktail,Vodka,Dry Vermouth,Olive Brine,Lemon,Olive,,,,,,,,,,,70ml/2fl oz,1 tbsp,2 tbsp,1 wedge,1,,,,,,,,,,
318,14482,Darkwood Sling,Soft Drink / Soda,Cherry Heering,Soda water,Orange juice,Ice,,,,,,,,,,,,1 part ,1 part ,1 part ,cubes,,,,,,,,,,,
317,17177,Dark Caipirinha,Cocktail,demerara Sugar,Lime,Cachaca,,,,,,,,,,,,,2 tsp ,1,2 1/2 oz,,,,,,,,,,,,
316,17182,Duchamp's Punch,Cocktail,Pisco,Lime Juice,Pineapple Syrup,St. Germain,Angostura Bitters,Pepper,Lavender,,,,,,,,,5 cl,2.5 cl,2.5 cl,1.5 cl,2 Dashes,Pinch,2 sprigs,,,,,,,,
315,17211,Dark and Stormy,Ordinary Drink,Dark Rum,Ginger Beer,,,,,,,,,,,,,,5 cl,10 cl,,,,,,,,,,,,,
314,13194,Damned if you do,Shot,Whiskey,Hot Damn,,,,,,,,,,,,,,0.75 oz ,0.25 oz ,,,,,,,,,,,,,
313,11326,Dubonnet Cocktail,Ordinary Drink,Dubonnet Rouge,Gin,Bitters,Lemon peel,,,,,,,,,,,,1 1/2 oz ,3/4 oz ,1 dash ,1 twist of ,,,,,,,,,,,
312,12736,Drinking Chocolate,Cocoa,Heavy cream,Milk,Cinnamon,Vanilla,Chocolate,Whipped cream,,,,,,,,,,2 oz ,6-8 oz ,1 stick ,1 ,2 oz finely chopped dark ,Fresh ,,,,,,,,,
311,12668,Egg Cream,Other/Unknown,Chocolate syrup,Milk,Soda water,,,,,,,,,,,,,2 tblsp ,6 oz whole ,6 oz ,,,,,,,,,,,,
310,12910,Egg Nog #4,Punch / Party Drink,Egg yolk,Sugar,Milk,Light rum,Bourbon,Vanilla extract,Salt,Whipping cream,Egg white,Sugar,Nutmeg,,,,,6 ,1/4 cup ,2 cups ,1/2 cup ,1/2 cup ,1 tsp ,1/4 tsp ,1 cup ,6 ,1/4 cup ,Ground ,,,,
309,11338,English Highball,Ordinary Drink,Brandy,Gin,Sweet Vermouth,Carbonated water,Lemon peel,,,,,,,,,,,3/4 oz ,3/4 oz ,3/4 oz ,,,,,,,,,,,,
308,17212,Espresso Martini,Cocktail,Vodka,Kahlua,Sugar syrup,,,,,,,,,,,,,5 cl,1 cl,1 dash,,,,,,,,,,,,
307,178309,Espresso Rumtini,Cocktail,Rum,Vanilla syrup,Espresso,Coffee,,,,,,,,,,,,1 shot,1/2 shot,1 shot,1 shot,,,,,,,,,,,
306,12916,Egg Nog - Healthy,Punch / Party Drink,Egg,Sugar,Condensed milk,Milk,Vanilla extract,Rum,Nutmeg,,,,,,,,,1/2 cup ,3 tblsp ,13 oz skimmed ,3/4 cup skimmed ,1 tsp ,1 tsp ,"
","
","
","
","
","
",,,
305,11339,English Rose Cocktail,Ordinary Drink,Apricot brandy,Gin,Dry Vermouth,Grenadine,Lemon juice,Cherry,,,,,,,,,,3/4 oz ,1 1/2 oz ,3/4 oz ,1 tsp ,1/4 tsp ,1 ,,,,,,,,,
304,12914,Egg-Nog - Classic Cooked,Punch / Party Drink,Egg,Sugar,Salt,Milk,Vanilla extract,,,,,,,,,,,6 ,1/4 cup ,1/4 tsp ,1 qt ,1 tsp ,,,,,,,,,,
303,17246,Empellón Cocina's Fat-Washed Mezcal,Cocktail,Mezcal,Chocolate liqueur,Coffee liqueur,,,,,,,,,,,,,2 oz,3/4 oz,1/2 oz,,,,,,,,,,,,
302,12768,Frappé,Coffee / Tea,Coffee,Milk,Sugar,,,,,,,,,,,,,1/2 cup black ,1/2 cup ,1-2 tsp ,,,,,,,,,,,,
301,11375,Foxy Lady,Ordinary Drink,Amaretto,Creme de Cacao,Light cream,,,,,,,,,,,,,1/2 oz ,1/2 oz ,2 oz ,,,,,,,,,,,,
300,17197,French 75,Ordinary Drink,Gin,Sugar,Lemon juice,Champagne,Orange,Maraschino cherry,,,,,,,,,,1 1/2 oz ,2 tsp superfine ,1 1/2 oz ,4 oz Chilled ,1 ,1 ,,,,,,,,,
299,11379,"French ""75""",Ordinary Drink,Gin,Sugar,Lemon juice,Champagne,Orange,Maraschino cherry,,,,,,,,,,1 1/2 oz ,2 tsp superfine ,1 1/2 oz ,4 oz Chilled ,1 ,1 ,,,,,,,,,
298,11382,Frisco Sour,Ordinary Drink,Blended whiskey,Benedictine,Lemon,Lime,Lemon,Lime,,,,,,,,,,2 oz ,1/2 oz ,Juice of 1/4 ,Juice of 1/2 ,1 slice ,1 slice ,,,,,,,,,
297,12674,Fruit Shake,Other/Unknown,Yoghurt,Banana,Orange juice,Fruit,Ice,,,,,,,,,,,1 cup fruit ,1 ,4 oz frozen ,1/2 piece textural ,6 ,,,,,,,,,,
296,12670,Fruit Cooler,Other/Unknown,Apple juice,Strawberries,Sugar,Lemon,Apple,Soda water,Ice,,,,,,,,,1 can frozen ,1 cup ,2 tblsp ,1 ,1 ,1 L ,,,,,,,,,
295,14688,Freddy Kruger,Shot,Jägermeister,Sambuca,Vodka,,,,,,,,,,,,,1/2 oz ,1/2 oz ,1/2 oz ,,,,,,,,,,,,
294,15743,Fuzzy Asshole,Coffee / Tea,Coffee,Peach schnapps,,,,,,,,,,,,,,1/2 ,1/2 ,,,,,,,,,,,,,
293,17213,French Martini,Cocktail,Vodka,Raspberry Liqueur,pineapple juice,,,,,,,,,,,,,4.5 cl,1.5 cl,1.5 cl,,,,,,,,,,,,
292,17248,French Negroni,Cocktail,Gin,Lillet,Sweet Vermouth,Orange Peel,,,,,,,,,,,,1 oz,1 oz,1 oz,1,,,,,,,,,,,
291,11368,Flying Dutchman,Ordinary Drink,Gin,Triple sec,,,,,,,,,,,,,,2 oz ,1/2 oz ,,,,,,,,,,,,,
290,11387,Frozen Daiquiri,Ordinary Drink,Light rum,Triple sec,Lime juice,Sugar,Cherry,Ice,,,,,,,,,,1 1/2 oz ,1 tblsp ,1 1/2 oz ,1 tsp ,1 ,1 cup crushed ,,,,,,,,,
289,12672,Fruit Flip-Flop,Other/Unknown,Yoghurt,Fruit juice,,,,,,,,,,,,,,1 cup ,1 cup ,,,,,,,,,,,,,
288,13070,Fahrenheit 5000,Shot,Firewater,Absolut Peppar,Tabasco sauce,,,,,,,,,,,,,1/2 oz ,1/2 oz ,1 dash ,,,,,,,,,,,,
287,11369,Flying Scotchman,Ordinary Drink,Scotch,Sweet Vermouth,Bitters,Sugar syrup,,,,,,,,,,,,1 oz ,1 oz ,1 dash ,1/4 tsp ,,,,,,,,,,,
286,17198,French Connection,Ordinary Drink,Cognac,Amaretto,,,,,,,,,,,,,,1 1/2 oz ,3/4 oz ,,,,,,,,,,,,,
285,13202,Flaming Dr. Pepper,Shot,Amaretto,Vodka,151 proof rum,Dr. Pepper,Beer,,,,,,,,,,,1 oz ,1 oz ,1 oz Bacardi ,1 oz ,1 oz ,,,,,,,,,,
284,13675,Flander's Flake-Out,Ordinary Drink,Sambuca,Sarsaparilla,,,,,,,,,,,,,,1/4 glass ,3/4 glass ,,,,,,,,,,,,,
283,16485,Flaming Lamborghini,Cocktail,Kahlua,Sambuca,Blue Curacao,Baileys irish cream,,,,,,,,,,,,1 oz ,1 oz ,1 oz ,1 oz ,,,,,,,,,,,
282,11390,Frozen Mint Daiquiri,Ordinary Drink,Light rum,Lime juice,Mint,Sugar,,,,,,,,,,,,2 oz ,1 tblsp ,6 ,1 tsp ,,,,,,,,,,,
281,11391,Frozen Pineapple Daiquiri,Ordinary Drink,Light rum,Pineapple,Lime juice,Sugar,,,,,,,,,,,,1 1/2 oz ,4 chunks ,1 tblsp ,1/2 tsp ,,,,,,,,,,,
280,15997,GG,Ordinary Drink,Galliano,Ginger ale,Ice,,,,,,,,,,,,,2 1/2 shots ,,,,,,,,,,,,,,
279,17255,Gimlet,Cocktail,Gin,Lime Juice,Sugar Syrup,Lime,,,,,,,,,,,,2 1/2 oz,1/2 oz,1/2 oz,1,,,,,,,,,,,
278,11410,Gin Fizz,Ordinary Drink,Gin,Lemon,Powdered sugar,Carbonated water,,,,,,,,,,,,2 oz ,Juice of 1/2 ,1 tsp ,,,,,,,,,,,,
277,11417,Gin Sour,Ordinary Drink,Gin,Lemon juice,Sugar,Orange,Maraschino cherry,,,,,,,,,,,2 oz ,1 oz ,1/2 tsp superfine ,1 ,1 ,,,,,,,,,,
276,11422,Godchild,Ordinary Drink,Vodka,Amaretto,Heavy cream,,,,,,,,,,,,,1 oz ,1 oz ,1 oz ,,,,,,,,,,,,
275,11408,Gin Daisy,Ordinary Drink,Gin,Lemon juice,Sugar,Grenadine,Maraschino cherry,Orange,,,,,,,,,,2 oz ,1 oz ,1/2 tsp superfine ,1/2 tsp ,1 ,1 ,,,,,,,,,
274,11415,Gin Sling,Ordinary Drink,Gin,Lemon,Powdered sugar,Water,Orange peel,,,,,,,,,,,2 oz ,Juice of 1/2 ,1 tsp ,1 tsp ,Twist of ,,,,,,,,,,
273,11416,Gin Smash,Ordinary Drink,Gin,Carbonated water,Sugar,Mint,Orange,Cherry,,,,,,,,,,2 oz ,1 oz ,1 cube ,4 ,1 slice ,1 ,,,,,,,,,
272,11420,Gin Toddy,Ordinary Drink,Gin,Water,Powdered sugar,Lemon peel,,,,,,,,,,,,2 oz ,2 tsp ,1/2 tsp ,1 twist of ,,,,,,,,,,,
271,11423,Godfather,Ordinary Drink,Scotch,Amaretto,,,,,,,,,,,,,,1 1/2 oz ,3/4 oz ,,,,,,,,,,,,,
270,11424,Godmother,Ordinary Drink,Vodka,Amaretto,,,,,,,,,,,,,,1 1/2 oz ,3/4 oz ,,,,,,,,,,,,,
269,12758,Gagliardo,Cocktail,Peach Vodka,Lemon juice,Galliano,Sirup of roses,,,,,,,,,,,,5 parts ,3 parts ,1 part ,1 part ,,,,,,,,,,,
268,12944,Gluehwein,Punch / Party Drink,Red wine,Water,Sugar,Cinnamon,Cloves,Lemon peel,,,,,,,,,,1 L ,125 ml ,60 gr ,1 ,3 ,1 tblsp ,,,,,,,,,
267,17252,Greyhound,Cocktail,Vodka,Grapefruit Juice,,,,,,,,,,,,,,1 1/2 oz,3 oz,,,,,,,,,,,,,
266,11407,Gin Cooler,Ordinary Drink,Gin,Carbonated water,Powdered sugar,Orange spiral,Lemon peel,,,,,,,,,,,2 oz ,,,,,,,,,,,,,,
265,11418,Gin Squirt,Ordinary Drink,Gin,Grenadine,Powdered sugar,Pineapple,Strawberries,Carbonated water,,,,,,,,,,1 1/2 oz ,1 tsp ,1 tblsp ,3 chunks,2 ,,,,,,,,,,
264,15427,Grand Blue,Ordinary Drink,Malibu rum,Peach schnapps,Blue Curacao,Sweet and sour,,,,,,,,,,,,1 1/2 cl ,1 1/2 cl ,1 1/2 cl ,3 cl ,,,,,,,,,,,
263,17230,Gin Rickey,Cocktail,Gin,Grenadine,lemon,Soda Water,Lime,,,,,,,,,,,2 oz ,1 tsp ,Juice of 1/2 ,Top up with,Garnish,,,,,,,,,,
262,11419,Gin Swizzle,Ordinary Drink,Lime juice,Sugar,Gin,Bitters,Club soda,,,,,,,,,,,1 1/2 oz ,1 tsp superfine ,2 oz ,1 dash ,3 oz ,,,,,,,,,,
261,11433,Grass Skirt,Ordinary Drink,Gin,Triple sec,Pineapple juice,Grenadine,Pineapple,,,,,,,,,,,1 1/2 oz ,1 oz ,1 oz ,1/2 tsp ,1 ,,,,,,,,,,
260,14642,Grim Reaper,Ordinary Drink,Kahlua,151 proof rum,Grenadine,,,,,,,,,,,,,1 oz ,1 oz Bacardi ,1 dash ,,,,,,,,,,,,
259,17200,Grasshopper,Ordinary Drink,Green Creme de Menthe,Creme de Cacao,Light cream,,,,,,,,,,,,,3/4 oz ,3/4 oz white ,3/4 oz ,,,,,,,,,,,,
258,12762,Grizzly Bear,Ordinary Drink,Amaretto,Jägermeister,Kahlua,Milk,,,,,,,,,,,,1 part ,1 part ,1 part ,2 1/2 parts ,,,,,,,,,,,
257,13497,Green Goblin,Beer,Cider,Lager,Blue Curacao,,,,,,,,,,,,,1/2 pint hard ,1/2 pint ,1 shot ,,,,,,,,,,,,
256,17199,Golden dream,Ordinary Drink,Galliano,Triple Sec,orange juice,Cream,,,,,,,,,,,,2 parts,2 parts,2 parts,1 part,,,,,,,,,,,
255,16262,H.D.,Coffee / Tea,Whisky,Baileys irish cream,Coffee,,,,,,,,,,,,,4 cl ,8 cl ,,,,,,,,,,,,,
254,178316,Honey Bee,Cocktail,White Rum,Honey,Lemon Juice,,,,,,,,,,,,,6 cl,2 cl,2 cl,,,,,,,,,,,,
253,15813,Herbal flame,Coffee / Tea,Hot Damn,Tea,,,,,,,,,,,,,,5 shots ,very sweet ,,,,,,,,,,,,,
252,17202,Horse's Neck,Ordinary Drink,Lemon peel,Brandy,Ginger ale,Bitters,,,,,,,,,,,,1 long strip ,2 oz ,5 oz ,2 dashes ,,,,,,,,,,,
251,12766,Happy Skipper,Ordinary Drink,Spiced rum,Ginger ale,Lime,Ice,,,,,,,,,,,,1 1/2 cl ,,,,,,,,,,,,,,
250,17239,Hunter's Moon,Cocktail,Vermouth,Maraschino Cherry,Sugar Syrup,Lemonade,Blackberries,,,,,,,,,,,25 ml,15 ml,10 ml,100 ml,2,,,,,,,,,,
249,11470,Havana Cocktail,Ordinary Drink,Light rum,Pineapple juice,Lemon juice,,,,,,,,,,,,,1 oz ,1 oz ,1 tsp ,,,,,,,,,,,,
248,12954,Holloween Punch,Punch / Party Drink,Grape juice,Carbonated soft drink,Sherbet,Sherbet,,,,,,,,,,,,,", orange
",,,,,,,,,,,,,
247,14782,Hot Creamy Bush,Coffee / Tea,Irish whiskey,Baileys irish cream,Coffee,,,,,,,,,,,,,1 shot ,3/4 shot ,6 oz hot ,,,,,,,,,,,,
246,17044,Homemade Kahlua,Homemade Liqueur,Sugar,Corn syrup,Coffee,Vanilla extract,Water,Vodka,,,,,,,,,,2 1/2 cups ,1 cup ,1 1/2 oz instant ,2 oz ,3 cups boiling ,1 fifth ,,,,,,,,,
245,178313,Halloween Punch,Punch / Party Drink,Cherry Juice,Orange Peel,Red Chili Flakes,Cloves,Ginger,Vodka,,,,,,,,,,1 bottle,3,1,10,6,20 cl,,,,,,,,,
244,11462,Harvey Wallbanger,Ordinary Drink,Vodka,Galliano,Orange juice,,,,,,,,,,,,,1 oz ,1/2 oz ,4 oz ,,,,,,,,,,,,
243,11472,Hawaiian Cocktail,Ordinary Drink,Gin,Triple sec,Pineapple juice,,,,,,,,,,,,,2 oz ,1/2 oz ,1 tblsp ,,,,,,,,,,,,
242,17201,Hemingway Special,Ordinary Drink,Rum,Grapefruit Juice,Maraschino Liqueur,Lime Juice,,,,,,,,,,,,12 parts,8 parts,3 parts,3 parts,,,,,,,,,,,
241,11476,Highland Fling Cocktail,Ordinary Drink,Scotch,Sweet Vermouth,Orange bitters,Olive,,,,,,,,,,,,1 1/2 oz ,3/4 oz ,2 dashes ,1 ,,,,,,,,,,,
240,12738,Hot Chocolate to Die for,Cocoa,Chocolate,Butter,Vanilla extract,Half-and-half,Marshmallows,,,,,,,,,,,12 oz fine ,1 tsp ,1/2 tsp ,1 cup ,mini ,,,,,,,,,,
239,17176,Ipamena,Ordinary Drink,Lime,Brown sugar,Passion fruit juice,Ginger ale,Ice,,,,,,,,,,,½,2 tsp,4 cl,top up with,fill,,,,,,,,,,
238,12770,Iced Coffee,Coffee / Tea,Coffee,Sugar,Water,Milk,,,,,,,,,,,,1/4 cup instant ,1/4 cup ,1/4 cup hot ,4 cups cold ,,,,,,,,,,,
237,12820,Irish Cream,Homemade Liqueur,Scotch,Half-and-half,Condensed milk,Coconut syrup,Chocolate syrup,,,,,,,,,,,1 cup ,1 1/4 cup ,1 can sweetened ,3 drops ,1 tblsp ,,,,,,,,,,
236,13539,Ice Pick #1,Ordinary Drink,Vodka,Iced tea,Lemon juice,,,,,,,,,,,,,1 1/2 oz ,6 oz ," to taste
",,,,,,,,,,,,
235,11528,Irish Spring,Ordinary Drink,Irish whiskey,Peach brandy,Orange juice,Sweet and sour,Orange,Cherry,,,,,,,,,,1 oz ,1/2 oz ,1 oz ,1 oz ,1 slice ,1 ,,,,,,,,,
234,13971,Irish Coffee,Coffee / Tea,Irish whiskey,Coffee,Sugar,Whipped cream,,,,,,,,,,,,1 1/2 oz ,8 oz ,1 tsp ,1 tblsp ,,,,,,,,,,,
233,11524,Imperial Fizz,Ordinary Drink,Light rum,Blended whiskey,Lemon,Powdered sugar,Carbonated water,,,,,,,,,,,1/2 oz ,1 1/2 oz ,Juice of 1/2 ,1 tsp ,,,,,,,,,,,
232,17015,Irish Russian,Beer,Vodka,Kahlua,Coca-Cola,Guinness stout,,,,,,,,,,,,1 shot ,1 shot ,1 dash ,Fill with ,,,,,,,,,,,
231,12706,Imperial Cocktail,Cocktail,Lime juice,Gin,Aperol,,,,,,,,,,,,,4 cl ,2 cl ,4 cl ,,,,,,,,,,,,
230,12772,Iced Coffee Fillip,Coffee / Tea,Kahlua,Coffee,,,,,,,,,,,,,,2 tsp ,Strong cold ,,,,,,,,,,,,,
229,16987,Irish Curdling Cow,Cocktail,Baileys irish cream,Bourbon,Vodka,Orange juice,,,,,,,,,,,,3/4 oz ,3/4 oz ,3/4 oz ,2-3 oz ,,,,,,,,,,,
228,16178,Jitterbug,Cocktail,Gin,Vodka,Grenadine,Lime juice,Sugar,Sugar syrup,Soda water,,,,,,,,,2 jiggers ,1 jigger ,3 dashes ,1 shot ,Around rim put 1 pinch ,3 dashes ,Fill to top with ,,,,,,,,
227,17178,Jam Donut,Shot,Baileys irish cream,Chambord raspberry liqueur,Sugar syrup,Sugar,,,,,,,,,,,,2/3 oz,1/3 oz,1 tsp,2 pinches,,,,,,,,,,,
226,13775,Jelly Bean,Shot,Blackberry brandy,Anis,,,,,,,,,,,,,,1 oz ,1 oz ,,,,,,,,,,,,,
225,13847,Jackhammer,Ordinary Drink,Jack Daniels,Amaretto,,,,,,,,,,,,,,1 oz ,1 oz ,,,,,,,,,,,,,
224,14956,Jello shots,Shot,Vodka,Jello,Water,,,,,,,,,,,,,2 cups ,3 packages ,3 cups ,,,,,,,,,,,,
223,11580,John Collins,Ordinary Drink,Bourbon,Lemon juice,Sugar,Club soda,Maraschino cherry,Orange,,,,,,,,,,2 oz ,1 oz ,1 tsp superfine ,3 oz ,1 ,1 ,,,,,,,,,
222,14095,Jamaica Kiss,Milk / Float / Shake,Coffee liqueur,Light rum,Ice,Milk,,,,,,,,,,,,1 shot ,1 shot Jamaican ,cubes,,,,,,,,,,,,
221,11558,Japanese Fizz,Ordinary Drink,Blended whiskey,Lemon,Powdered sugar,Port,Egg white,Carbonated water,,,,,,,,,,1 1/2 oz ,Juice of 1/2 ,1 tsp ,1 tblsp,1 ,,,,,,,,,,
220,12688,Just a Moonmint,Milk / Float / Shake,Milk,Chocolate syrup,Mint syrup,,,,,,,,,,,,,2 cups ,,,,,,,,,,,,,,
219,15825,Jamaican Coffee,Coffee / Tea,Rum,Coffee,Water,Whipped cream,,,,,,,,,,,,1/6 glass ,1/6 glass strong black ,1/2 glass cold ,,,,,,,,,,,,
218,11566,Jewel Of The Nile,Ordinary Drink,Gin,Green Chartreuse,Yellow Chartreuse,,,,,,,,,,,,,1 1/2 oz ,1/2 oz ,1/2 oz ,,,,,,,,,,,,
217,11542,Jack Rose Cocktail,Ordinary Drink,Apple brandy,Grenadine,Lime,,,,,,,,,,,,,1 1/2 oz ,1 tsp ,Juice of 1/2 ,,,,,,,,,,,,
216,16275,Jack's Vanilla Coke,Other/Unknown,Ice,Tennessee whiskey,Vanilla extract,Coca-Cola,,,,,,,,,,,,4-5 ,2 oz ,1 tsp ,10-12 oz ,,,,,,,,,,,
215,17203,Kir,Ordinary Drink,Creme de Cassis,Champagne,,,,,,,,,,,,,,1 part ,5 parts ,,,,,,,,,,,,,
214,12764,Karsk,Ordinary Drink,Coffee,Grain alcohol,,,,,,,,,,,,,,1 part ,2 parts ,,,,,,,,,,,,,
213,11600,Kamikaze,Ordinary Drink,Vodka,Triple sec,Lime juice,,,,,,,,,,,,,1 oz ,1 oz ,1 oz ,,,,,,,,,,,,
212,13837,Kir Royale,Ordinary Drink,Creme de Cassis,Champagne,,,,,,,,,,,,,,1 part ,5 parts ,,,,,,,,,,,,,
211,14456,Kurant Tea,Coffee / Tea,Absolut Kurant,Tea,Sugar,,,,,,,,,,,,,4 cl ,Turkish apple ," (if needed)
",,,,,,,,,,,,
210,14752,Kiwi Lemon,Ordinary Drink,Kiwi liqueur,Bitter lemon,Ice,,,,,,,,,,,,,1 part ,2 parts ,cubes,,,,,,,,,,,,
209,16951,Kioki Coffee,Coffee / Tea,Kahlua,Brandy,Coffee,,,,,,,,,,,,,1 oz ,1/2 oz ,,,,,,,,,,,,,
208,13190,Kool-Aid Shot,Shot,Vodka,Amaretto,Sloe gin,Triple sec,Cranberry juice,,,,,,,,,,,1 shot ,1 shot ,1 shot ,1 shot ,,,,,,,,,,,
207,15026,Kiss me Quick,Ordinary Drink,Cranberry vodka,Apfelkorn,Schweppes Russchian,Apple juice,Ice,,,,,,,,,,,4 cl ,2 cl ,7 cl ,8 cl ,cubes,,,,,,,,,,
206,17006,Kool First Aid,Shot,151 proof rum,Kool-Aid,,,,,,,,,,,,,,2 oz light ,1/2 tsp Tropical ,,,,,,,,,,,,,
205,11602,Kentucky B And B,Ordinary Drink,Bourbon,Benedictine,,,,,,,,,,,,,,2 oz ,1/2 oz ,,,,,,,,,,,,,
204,11604,Kentucky Colonel,Ordinary Drink,Bourbon,Benedictine,Lemon peel,,,,,,,,,,,,,3 oz ,1/2 oz ,1 twist of ,,,,,,,,,,,,
203,14446,Kool-Aid Slammer,Shot,Kool-Aid,Vodka,,,,,,,,,,,,,,1/2 oz Grape ,1/2 oz ,,,,,,,,,,,,,
202,12714,Kiwi Papaya Smoothie,Other/Unknown,Kiwi,Papaya,,,,,,,,,,,,,,3 ,1/2 ,,,,,,,,,,,,,
201,12720,Kill the cold Smoothie,Other/Unknown,Ginger,Lemon,Water,,,,,,,,,,,,,1 inch ,1/4 ,1 cup hot ,,,,,,,,,,,,
200,12704,Limeade,Other/Unknown,Lime,Sugar,Soda water,Lime peel,,,,,,,,,,,,Juice of 1 ,1 tblsp ," (seltzer water)
",,,,,,,,,,,,
199,14378,Lunch Box,Beer,Beer,Amaretto,Orange juice,,,,,,,,,,,,,3/4 bottle ,1 shot ,1 oz ,,,,,,,,,,,,
198,12752,Lemon Shot,Shot,Galliano,Absolut Citron,Lemon,Sugar,151 proof rum,,,,,,,,,,,1/2 oz ,1/2 oz ," wedge
",Bacardi ,,,,,,,,,,,
197,13196,Long vodka,Ordinary Drink,Vodka,Lime,Angostura bitters,Tonic water,Ice,,,,,,,,,,,5 cl ,1/2 ,4 dashes ,1 dl Schweppes ,4 ,,,,,,,,,,
196,14366,Lemon Drop,Cocktail,Absolut Vodka,Cointreau,Lemon,,,,,,,,,,,,,1 1/2 shot ,1 1/2 shot ,Juice of 1 wedge ,,,,,,,,,,,,
195,11658,Loch Lomond,Ordinary Drink,Scotch,Drambuie,Dry Vermouth,Lemon peel,,,,,,,,,,,,2 oz ,1/2 oz ,1/2 oz ,1 twist of ,,,,,,,,,,,
194,11662,London Town,Ordinary Drink,Gin,Maraschino liqueur,Orange bitters,,,,,,,,,,,,,1 1/2 oz ,1/2 oz ,2 dashes ,,,,,,,,,,,,
193,12692,Lassi Khara,Other/Unknown,Yoghurt,Water,Salt,Asafoetida,,,,,,,,,,,,1 cup ,2 cups cold ,1 tsp ,1 pinch ,,,,,,,,,,,
192,12694,Lassi Raita,Other/Unknown,Yoghurt,Ice,Sugar,Lime,Salt,,,,,,,,,,,2 cups ,4-6 ,,,,,,,,,,,,,
191,12702,Lemouroudji,Other/Unknown,Ginger,Water,Lemon,Sugar,Cayenne pepper,,,,,,,,,,,2 pieces ,1 gal ,1 lb ,1 cup ,ground ,,,,,,,,,,
190,11670,Lord And Lady,Ordinary Drink,Dark rum,Tia maria,,,,,,,,,,,,,,1 1/2 oz ,1/2 oz ,,,,,,,,,,,,,
189,12696,Lassi - Sweet,Other/Unknown,Yoghurt,Water,Sugar,Salt,Lemon juice,,,,,,,,,,,1 cup ,2 cups cold ,4 tblsp ,pinch ,2 tblsp ,,,,,,,,,,
188,12698,Lassi - Mango,Other/Unknown,Mango,Yoghurt,Sugar,Water,,,,,,,,,,,,2 ,2 cups ,1/2 cup ,1 cup iced ,,,,,,,,,,,
187,15086,Limona Corona,Beer,Corona,Bacardi Limon,,,,,,,,,,,,,,1 bottle ,1 oz ,,,,,,,,,,,,,
186,11634,Lady Love Fizz,Ordinary Drink,Gin,Light cream,Powdered sugar,Lemon,Egg white,Carbonated water,,,,,,,,,,2 oz ,2 tsp ,1 tsp ,Juice of 1/2,1 ,,,,,,,,,,
185,11002,Long Island Tea,Ordinary Drink,Vodka,Light rum,Gin,Tequila,Lemon,Coca-Cola,,,,,,,,,,1/2 oz ,1/2 oz ,1/2 oz ,1/2 oz ,Juice of 1/2 ,1 splash ,,,,,,,,,
184,11666,Lone Tree Cooler,Ordinary Drink,Carbonated water,Gin,Dry Vermouth,Powdered sugar,Orange spiral,Lemon peel,,,,,,,,,,,,,,,,,,,,,,,,
183,11664,Lone Tree Cocktail,Ordinary Drink,Sweet Vermouth,Gin,,,,,,,,,,,,,,3/4 oz ,1 1/2 oz ,,,,,,,,,,,,,
182,17204,Long Island Iced Tea,Ordinary Drink,Vodka,Tequila,Light rum,Gin,Coca-Cola,Lemon peel,,,,,,,,,,1/2 oz ,1/2 oz ,1/2 oz ,1/2 oz ,1 dash ,Twist of ,,,,,,,,,
181,12690,Lassi - A South Indian Drink,Other/Unknown,Yoghurt,Water,Cumin seed,Salt,Mint,,,,,,,,,,,1/2 cup plain ,1 1/4 cup cold ,1/2 tsp ground roasted ,1/4 tsp ,1/4 tsp dried ,,,,,,,,,,
180,12776,Melya,Coffee / Tea,Espresso,Honey,Cocoa powder,,,,,,,,,,,,,,Unsweetened ,,,,,,,,,,,,,
179,11000,Mojito,Cocktail,Light rum,Lime,Sugar,Mint,Soda water,,,,,,,,,,,2-3 oz ,Juice of 1 ,2 tsp ,2-4 ,,,,,,,,,,,
178,17205,Mimosa,Ordinary Drink,Champagne,Orange juice,,,,,,,,,,,,,,Chilled ,2 oz ,,,,,,,,,,,,,
177,11690,Mai Tai,Ordinary Drink,Light rum,Orgeat syrup,Triple sec,Sweet and sour,Cherry,,,,,,,,,,,1 oz ,1/2 oz ,1/2 oz ,1 1/2 oz ,1 ,,,,,,,,,,
176,11728,Martini,Cocktail,Gin,Dry Vermouth,Olive,,,,,,,,,,,,,1 2/3 oz ,1/3 oz ,1 ,,,,,,,,,,,,
175,11007,Margarita,Ordinary Drink,Tequila,Triple sec,Lime juice,Salt,,,,,,,,,,,,1 1/2 oz ,1/2 oz ,1 oz ,,,,,,,,,,,,
174,11008,Manhattan,Cocktail,Sweet Vermouth,Bourbon,Angostura bitters,Ice,Maraschino cherry,Orange peel,,,,,,,,,,3/4 oz ,2 1/2 oz Blended ,dash ,2 or 3 ,1 ,1 twist of ,,,,,,,,,
173,15841,Mojito #3,Cocktail,Mint,Lemon juice,Dark rum,Club soda,Angostura bitters,,,,,,,,,,,1/2 handful ,3 cl ,1/8 L Jamaican ,1/8 L ,8 drops ,,,,,,,,,,
172,13936,Miami Vice,Cocktail,151 proof rum,Pina colada mix,Daiquiri mix,,,,,,,,,,,,,5 oz Bacardi ,frozen ,frozen ,,,,,,,,,,,,
171,16041,Mudslinger,Punch / Party Drink,Southern Comfort,Orange juice,Pepsi Cola,,,,,,,,,,,,,750 ml ,1 L ,750 ml ,,,,,,,,,,,,
170,16196,Moranguito,Shot,Absinthe,Tequila,Grenadine,,,,,,,,,,,,,2/5 ,2/5 ,1/5 ,,,,,,,,,,,,
169,17206,Mint Julep,Ordinary Drink,Mint,Bourbon,Powdered sugar,Water,,,,,,,,,,,,4 fresh ,2 1/2 oz ,1 tsp ,2 tsp ,,,,,,,,,,,
168,17256,Martinez 2,Cocktail,Gin,Sweet Vermouth,Maraschino Liqueur,Angostura Bitters,,,,,,,,,,,,1 1/2 oz,1 1/2 oz,1 tsp,2 dashes,,,,,,,,,,,
167,12774,Masala Chai,Coffee / Tea,Water,Tea,Ginger,Cardamom,Cloves,Cinnamon,Black pepper,Sugar,Milk,,,,,,,2 cups ,3-4 tsp ,1 chunk dried ,3-4 crushed ,3 ,1 piece ,1-2 whole ," to taste
",,,,,,,
166,12988,Mulled Wine,Punch / Party Drink,Water,Sugar,Cloves,Cinnamon,Lemon peel,Red wine,Brandy,,,,,,,,,3 cups ,1 cup ,12 ,2 ,1 ,750 ml ,1/4 cup ,,,,,,,,
165,11009,Moscow Mule,Punch / Party Drink,Vodka,Lime juice,Ginger ale,,,,,,,,,,,,,2 oz ,2 oz ,8 oz ,,,,,,,,,,,,
164,14209,Mocha-Berry,Coffee / Tea,Coffee,Chambord raspberry liqueur,Cocoa powder,Whipped cream,,,,,,,,,,,,6 oz ,2 oz ,2 tblsp ,,,,,,,,,,,,
163,178315,Munich Mule,Cocktail,Gin,Lime Juice,Ginger Beer,Cucumber,lemon,,,,,,,,,,,5 cl,2 cl,10 cl,Chopped,Chopped,,,,,,,,,,
162,17189,Monkey Gland,Ordinary Drink,Gin,Benedictine,Orange juice,Grenadine,,,,,,,,,,,,2 oz ,1 tsp ,1/2 oz ,1 tsp ,,,,,,,,,,,
161,11798,Monkey Wrench,Ordinary Drink,Light rum,Grapefruit juice,Bitters,,,,,,,,,,,,,1 1/2 oz ,3 oz ,1 dash ,,,,,,,,,,,,
160,13825,Midnight Manx,Ordinary Drink,Kahlua,Baileys irish cream,Goldschlager,Heavy cream,Coffee,,,,,,,,,,,1 oz ,1 oz ,dash ,2 oz ,2 oz Hazlenut ,,,,,,,,,,
159,14053,Mother's Milk,Shot,Goldschlager,Butterscotch schnapps,Milk,,,,,,,,,,,,,1 oz ,1 oz ,1 oz ,,,,,,,,,,,,
158,14842,Midnight Mint,Cocktail,Baileys irish cream,White Creme de Menthe,Cream,,,,,,,,,,,,,1 oz ,3/4 oz ,3/4 oz double ,,,,,,,,,,,,
157,17188,Mary Pickford,Cocktail,Light rum,Pineapple juice,Maraschino liqueur,Grenadine,Maraschino cherry,,,,,,,,,,,1 1/2 oz ,1 oz ,1/2 tsp ,1/2 tsp ,1 ,,,,,,,,,,
156,15224,Malibu Twister,Cocktail,Malibu rum,Tropicana,Cranberry juice,,,,,,,,,,,,,2 parts ,2 parts ,1 part ,,,,,,,,,,,,
155,11003,Negroni,Ordinary Drink,Gin,Campari,Sweet Vermouth,,,,,,,,,,,,,1 oz ,1 oz ,1 oz ,,,,,,,,,,,,
154,11844,New York Sour,Ordinary Drink,Blended whiskey,Lemon,Sugar,Red wine,Lemon,Cherry,,,,,,,,,,2 oz ,Juice of 1/2 ,1 tsp ," (Claret)
",,,,,,,,,,,
153,13861,Nutty Irishman,Milk / Float / Shake,Baileys irish cream,Frangelico,Milk,,,,,,,,,,,,,1 part ,1 part ,1 part ,,,,,,,,,,,,
152,13192,National Aquarium,Ordinary Drink,Rum,Vodka,Gin,Blue Curacao,Sour mix,Lemon-lime soda,,,,,,,,,,1/2 oz ,1/2 oz ,1/2 oz ,1/2 oz ,2 oz ,1 splash ,,,,,,,,,
151,13204,New York Lemonade,Cocktail,Absolut Citron,Grand Marnier,Lemon juice,Club soda,,,,,,,,,,,,2 oz ,1 oz ,2 oz sweetened ,1 oz ,,,,,,,,,,,
150,12746,Nuked Hot Chocolate,Cocoa,Cocoa powder,Sugar,Vanilla extract,Milk,,,,,,,,,,,,2 tsp ,1 tsp ,1/2 tsp ,12 oz ,,,,,,,,,,,
149,11872,Orgasm,Ordinary Drink,Creme de Cacao,Amaretto,Triple sec,Vodka,Light cream,,,,,,,,,,,1/2 oz white ,1/2 oz ,1/2 oz ,1/2 oz ,1 oz ,,,,,,,,,,
148,17827,Old Pal,Cocktail,Rye whiskey,Campari,Dry Vermouth,,,,,,,,,,,,,2 oz,1 oz,1 oz,,,,,,,,,,,,
147,12618,Orangeade,Cocktail,Lemon juice,Orange juice,Sugar syrup,Soda water,,,,,,,,,,,,5 cl ,15 cl ,2-3 cl ,,,,,,,,,,,,
146,16995,Orange Whip,Other/Unknown,Orange juice,Rum,Vodka,Cream,Ice,,,,,,,,,,,4 oz ,1 oz ,1 oz ,1 package ,Over ,,,,,,,,,,
145,11870,Orange Oasis,Ordinary Drink,Cherry brandy,Gin,Orange juice,Ginger ale,,,,,,,,,,,,1/2 oz ,1 1/2 oz ,4 oz ,,,,,,,,,,,,
144,15330,Orange Crush,Shot,Vodka,Triple sec,Orange juice,,,,,,,,,,,,,1 oz ,1 oz ,1 oz ,,,,,,,,,,,,
143,11001,Old Fashioned,Cocktail,Bourbon,Angostura bitters,Sugar,Water,,,,,,,,,,,,4.5 cL,2 dashes,1 cube,dash,,,,,,,,,,,
142,13499,Oreo Mudslide,Ordinary Drink,Vodka,Kahlua,Baileys irish cream,Vanilla ice-cream,Oreo cookie,,,,,,,,,,,1 oz ,1 oz ,1 oz ,2 scoops ,1 ,,,,,,,,,,
141,14586,Orange Push-up,Ordinary Drink,Spiced rum,Grenadine,Orange juice,Sour mix,,,,,,,,,,,,1.5 oz ,0.5 oz ,4 oz ,1 splash ,,,,,,,,,,,
140,17266,Oatmeal Cookie,Cocktail,Kahlua,Bailey,Butterscotch schnapps,Jagermeister,Goldschlager,,,,,,,,,,,2 parts,2 parts,4 parts,1 part,1/2 part,,,,,,,,,,
139,12748,Orange Scented Hot Chocolate,Cocoa,Milk,Chocolate,Orange peel,Espresso,Nutmeg,,,,,,,,,,,2 cups ,4 oz chopped bittersweet or semi-sweet ,3 2-inch strips ,1/2 tsp instant ,1/8 tsp ground ,,,,,,,,,,
138,13200,Owen's Grandmother's Revenge,Ordinary Drink,Whiskey,Beer,Lemonade,Ice,,,,,,,,,,,,12 oz ,12 oz ,12 oz frozen ,1 cup crushed ,,,,,,,,,,,
137,17253,Paloma,Cocktail,Grape Soda,Tequila,,,,,,,,,,,,,,3 oz,1 1/2 oz,,,,,,,,,,,,,
136,11936,Pink Gin,Ordinary Drink,Bitters,Gin,,,,,,,,,,,,,,3 dashes ,2 oz ,,,,,,,,,,,,,
135,17190,Paradise,Ordinary Drink,Gin,Apricot Brandy,Orange Juice,,,,,,,,,,,,,7 parts,4 parts,3 parts ,,,,,,,,,,,,
134,11938,Pink Lady,Ordinary Drink,Gin,Grenadine,Light cream,Egg white,,,,,,,,,,,,1 1/2 oz ,1 tsp ,1 tsp ,1 ,,,,,,,,,,,
133,17249,Pegu Club,Cocktail,Gin,Orange Curacao,Lime Juice,Angostura Bitters,Orange Bitters,,,,,,,,,,,1 1/2 oz,3/4 oz,3/4 oz,1 dash,1 dash,,,,,,,,,,
132,13214,Pisco Sour,Cocktail,Pisco,Lemon juice,Sugar,Ice,,,,,,,,,,,,2 oz ,1 oz ,1-2 tblsp ,,,,,,,,,,,,
131,17192,Porto flip,Ordinary Drink,Brandy,Port,Egg Yolk,,,,,,,,,,,,,3 parts,9 parts,2 parts,,,,,,,,,,,,
130,17829,Penicillin,Cocktail,Blended Scotch,Lemon Juice,Honey syrup,Ginger Syrup,Islay single malt Scotch,,,,,,,,,,,2 oz,3/4 oz,2 tsp,2 tsp,1/4 oz,,,,,,,,,,
129,17207,Pina Colada,Ordinary Drink,Light rum,Coconut milk,Pineapple,,,,,,,,,,,,,3 oz ,3 tblsp ,3 tblsp ,,,,,,,,,,,,
128,16992,Pink Penocha,Punch / Party Drink,Everclear,Vodka,Peach schnapps,Orange juice,Cranberry juice,,,,,,,,,,,750 ml ,1750 ml ,1750 ml ,1 gal ,1 gal ,,,,,,,,,,
127,13072,Popped cherry,Ordinary Drink,Vodka,Cherry liqueur,Cranberry juice,Orange juice,,,,,,,,,,,,2 oz ,2 oz ,4 oz ,4 oz ,,,,,,,,,,,
126,11959,Poppy Cocktail,Ordinary Drink,Gin,Creme de Cacao,,,,,,,,,,,,,,1 1/2 oz ,3/4 oz white ,,,,,,,,,,,,,
125,11965,Port Wine Flip,Ordinary Drink,Port,Light cream,Powdered sugar,Egg,Nutmeg,,,,,,,,,,,1 1/2 oz ,2 tsp ,1 tsp ,1 whole ,,,,,,,,,,,
124,17191,Planter's Punch,Punch / Party Drink,Dark rum,Orgeat syrup,Orange juice,Pineapple juice,,,,,,,,,,,,1 part ,1/2 part ,2 parts ,1 part ,,,,,,,,,,,
123,11961,Port And Starboard,Ordinary Drink,Grenadine,Green Creme de Menthe,,,,,,,,,,,,,,1 tblsp ,1/2 oz ,,,,,,,,,,,,,
122,11963,Port Wine Cocktail,Ordinary Drink,Port,Brandy,,,,,,,,,,,,,,2 1/2 oz ,1/2 tsp ,,,,,,,,,,,,,
121,15092,Pysch Vitamin Light,Ordinary Drink,Orange juice,Apple juice,Pineapple juice,Ice,,,,,,,,,,,,1 part ,1 part ,1 part ,,,,,,,,,,,,
120,13535,Pink Panty Pulldowns,Ordinary Drink,Sprite,Pink lemonade,Vodka,,,,,,,,,,,,,1 L ,2 cups ,2 cups ,,,,,,,,,,,,
119,178323,Passion Fruit Martini,Cocktail,Vodka,Sugar Syrup,Passion fruit juice,,,,,,,,,,,,,1 shot,1/2 shot,Full Glass,,,,,,,,,,,,
118,12718,Pineapple Gingerale Smoothie,Other/Unknown,Ginger,Pineapple,,,,,,,,,,,,,,1/4 inch ,1/2 ,,,,,,,,,,,,,
117,11993,Quentin,Ordinary Drink,Dark rum,Kahlua,Light cream,Nutmeg,,,,,,,,,,,,1 1/2 oz ,1/2 oz ,1 oz ,1/8 tsp grated ,,,,,,,,,,,
116,11987,Queen Bee,Ordinary Drink,Coffee brandy,Lime vodka,Sherry,,,,,,,,,,,,,1 oz ,1 1/2 oz ,1/2 oz cream ,,,,,,,,,,,,
115,13198,Quick F**K,Shot,Kahlua,Midori melon liqueur,Baileys irish cream,,,,,,,,,,,,,1 part ,1 part ,1 part ,,,,,,,,,,,,
114,15761,Quick-sand,Ordinary Drink,Black Sambuca,Orange juice,,,,,,,,,,,,,,25 ml ,Add 250 ml ,,,,,,,,,,,,,
113,11989,Queen Charlotte,Ordinary Drink,Red wine,Grenadine,Lemon-lime soda,,,,,,,,,,,,,2 oz ,1 oz ,,,,,,,,,,,,,
112,11991,Queen Elizabeth,Ordinary Drink,Dry Vermouth,Gin,Benedictine,,,,,,,,,,,,,1/2 oz ,1 1/2 oz ,1 1/2 tsp ,,,,,,,,,,,,
111,11983,Quaker's Cocktail,Ordinary Drink,Light rum,Brandy,Lemon,Raspberry syrup,,,,,,,,,,,,3/4 oz ,3/4 oz ,Juice of 1/4 ,2 tsp ,,,,,,,,,,,
110,11985,Quarter Deck Cocktail,Ordinary Drink,Light rum,Sherry,Lime,,,,,,,,,,,,,1 1/2 ,1/3 oz cream ,Juice of 1/2 ,,,,,,,,,,,,
109,17208,Rose,Ordinary Drink,Dry Vermouth,Gin,Apricot brandy,Lemon juice,Grenadine,Powdered sugar,,,,,,,,,,1/2 oz ,1 oz ,1/2 oz ,1/2 tsp ,1 tsp ,,,,,,,,,,
108,16031,Radler,Ordinary Drink,Beer,7-Up,,,,,,,,,,,,,,12 oz ,12 oz ,,,,,,,,,,,,,
107,12093,Rum Sour,Ordinary Drink,Light rum,Lemon juice,Sugar,Orange,Maraschino cherry,,,,,,,,,,,2 oz ,1 oz ,1/2 tsp superfine ,1 ,1 ,,,,,,,,,,
106,12097,Rum Toddy,Ordinary Drink,Rum,Powdered sugar,Lemon peel,Water,,,,,,,,,,,,2 oz light or dark ,2 tsp ,1 twist of ,2 tsp ,,,,,,,,,,,
105,14978,Rum Punch,Punch / Party Drink,Rum,Ginger ale,Fruit punch,Orange juice,Ice,,,,,,,,,,,mikey bottle ,large bottle ,355 ml frozen ,355 ml frozen ,crushed ,,,,,,,,,,
104,12055,Royal Fizz,Ordinary Drink,Gin,Sweet and sour,Egg,Coca-Cola,,,,,,,,,,,,1 oz ,2 oz ,1 whole ,,,,,,,,,,,,
103,12071,Rum Cooler,Ordinary Drink,Rum,Lemon-lime soda,Lemon,,,,,,,,,,,,,2 oz light or dark ,4 oz ,1 ,,,,,,,,,,,,
102,12101,Rusty Nail,Ordinary Drink,Scotch,Drambuie,Lemon peel,,,,,,,,,,,,,1 1/2 oz ,1/2 oz ,1 twist of ,,,,,,,,,,,,
101,16250,Rum Runner,Punch / Party Drink,Malibu rum,Blackberry brandy,Orange juice,Pineapple juice,Cranberry juice,,,,,,,,,,,1 1/2 oz ,1 oz ,3-4 oz ,3-4 oz ,3-4 oz ,,,,,,,,,,
100,12067,Rum Cobbler,Ordinary Drink,Sugar,Club soda,Lemon,Dark rum,Maraschino cherry,Orange,,,,,,,,,,1 tsp superfine ,3 oz ,1 ,2 oz ,1 ,1 ,,,,,,,,,
99,14087,Red Snapper,Shot,Crown Royal,Amaretto,Cranberry juice,,,,,,,,,,,,,1 shot ,1 shot ,1 shot ,,,,,,,,,,,,
98,15082,Royal Flush,Shot,Crown Royal,Peach schnapps,Chambord raspberry liqueur,Cranberry juice,,,,,,,,,,,,1 1/2 oz ,1 oz ,1/2 oz ,1 oz ,,,,,,,,,,,
97,17122,Royal Bitch,Shot,Frangelico,Crown Royal,,,,,,,,,,,,,,1 part ,1 part ,,,,,,,,,,,,,
96,17114,Ruby Tuesday,Cocktail,Gin,Cranberry juice,Grenadine,,,,,,,,,,,,,2 oz ,5 oz ,2 splashes ,,,,,,,,,,,,
95,12630,Rail Splitter,Cocktail,Sugar syrup,Lemon juice,Ginger ale,,,,,,,,,,,,,2 tsp ,,,,,,,,,,,,,,
94,17245,Rosemary Blue,Cocktail,Gin,Blue Curacao,Tonic Water,Rosemary,,,,,,,,,,,,50 ml,15 ml,100 ml,Garnish with,,,,,,,,,,,
93,12057,Royal Gin Fizz,Ordinary Drink,Gin,Lemon,Powdered sugar,Egg,Carbonated water,,,,,,,,,,,2 oz ,Juice of 1/2 ,1 tsp ,1 whole ,,,,,,,,,,,
92,12087,Rum Milk Punch,Ordinary Drink,Light rum,Milk,Powdered sugar,Nutmeg,,,,,,,,,,,,2 oz ,1 cup ,1 tsp ,,,,,,,,,,,,
91,12091,Rum Screwdriver,Ordinary Drink,Light rum,Orange juice,,,,,,,,,,,,,,1 1/2 oz ,5 oz ,,,,,,,,,,,,,
90,17167,Raspberry Cooler,Other/Unknown,Raspberry vodka,Lemon-lime soda,Ice,,,,,,,,,,,,,2 oz ,4 oz ,,,,,,,,,,,,,
89,12089,Rum Old-fashioned,Ordinary Drink,Light rum,151 proof rum,Powdered sugar,Bitters,Water,Lime peel,,,,,,,,,,1 1/2 oz ,1 tsp ,1/2 tsp ,1 dash ,1 tsp ,Twist of ,,,,,,,,,
88,17214,Russian Spring Punch,Ordinary Drink,Vodka,Creme de Cassis,Sugar Syrup,Lemon Juice,,,,,,,,,,,,2.5 cl,1.5 cl,1 cl,2.5 cl,,,,,,,,,,,
87,16984,Radioactive Long Island Iced Tea,Ordinary Drink,Rum,Vodka,Tequila,Gin,Triple sec,Chambord raspberry liqueur,Midori melon liqueur,Malibu rum,,,,,,,,1 oz ,1 oz ,1 oz ,1 oz ,1 oz ,1 oz ,1 oz ,1 oz ,,,,,,,
86,17141,Smut,Punch / Party Drink,Red wine,Peach schnapps,Pepsi Cola,Orange juice,,,,,,,,,,,,1/3 part ,1 shot ,1/3 part ,1/3 part ,,,,,,,,,,,
85,17215,Spritz,Ordinary Drink,Prosecco,Campari,Soda Water,,,,,,,,,,,,,6 cl,4 cl,splash,,,,,,,,,,,,
84,12127,Sazerac,Ordinary Drink,Ricard,Sugar,Peychaud bitters,Water,Bourbon,Lemon peel,,,,,,,,,,1 tsp ,1/2 tsp superfine ,2 dashes ,1 tsp ,2 oz ,1 twist of ,,,,,,,,,
83,12130,Scooter,Ordinary Drink,Brandy,Amaretto,Light cream,,,,,,,,,,,,,1 oz ,1 oz ,1 oz ,,,,,,,,,,,,
82,12196,Sidecar,Ordinary Drink,Cognac,Cointreau,Lemon juice,,,,,,,,,,,,,2 oz ,1/2 oz ,1 oz ,,,,,,,,,,,,
81,17193,Stinger,Ordinary Drink,Brandy,White Creme de Menthe,,,,,,,,,,,,,,1 1/2 oz ,1/2 oz ,,,,,,,,,,,,,
80,14195,Snowball,Ordinary Drink,Advocaat,Lemonade,Lemon,Ice,,,,,,,,,,,,1 1/2 oz ,8-10 oz cold ,1 slice ,cubes,,,,,,,,,,,
79,16985,Shot-gun,Shot,Jim Beam,Jack Daniels,Wild Turkey,,,,,,,,,,,,,1 part ,1 part ,1 oz ,,,,,,,,,,,,
78,178322,Spice 75,Cocktail,Sugar,Allspice,Rum,Lime Juice,Champagne,Orange spiral,,,,,,,,,,60 ml,1 tblsp,20 cl,90 ml,6 cl,Garnish with,,,,,,,,,
77,12107,Salty Dog,Ordinary Drink,Grapefruit juice,Gin,Salt,,,,,,,,,,,,,5 oz ,1 1/2 oz ,1/4 tsp ,,,,,,,,,,,,
76,12308,Stone Sour,Ordinary Drink,Apricot brandy,Orange juice,Sweet and sour,,,,,,,,,,,,,1 oz ,1 oz ,1 oz ,,,,,,,,,,,,
75,13020,Sangria #1,Punch / Party Drink,Red wine,Sugar,Orange juice,Lemon juice,Cloves,Cinnamon,,,,,,,,,,1 bottle ,1/2 cup ,1 cup ,1 cup ,,,,,,,,,,,
74,13377,Sea breeze,Ordinary Drink,Vodka,Cranberry juice,Grapefruit juice,,,,,,,,,,,,,1 1/2 oz ,4 oz ,1 oz ,,,,,,,,,,,,
73,12158,Scotch Sour,Ordinary Drink,Scotch,Lime,Powdered sugar,Lemon,Cherry,,,,,,,,,,,1 1/2 oz ,Juice of 1/2 ,1/2 tsp ,1/2 slice ,1 ,,,,,,,,,,
72,12162,Screwdriver,Ordinary Drink,Vodka,Orange juice,,,,,,,,,,,,,,2 oz ,,,,,,,,,,,,,,
71,12190,Sherry Flip,Ordinary Drink,Sherry,Light cream,Powdered sugar,Egg,Nutmeg,,,,,,,,,,,1 1/2 oz cream ,2 tsp ,1 tsp ,1 whole ,,,,,,,,,,,
70,16990,Sweet Tooth,Milk / Float / Shake,Godiva liqueur,Milk,,,,,,,,,,,,,,2 shots ,,,,,,,,,,,,,,
69,12256,Sol Y Sombra,Ordinary Drink,Brandy,Anisette,,,,,,,,,,,,,,1 1/2 oz ,1 1/2 oz ,,,,,,,,,,,,,
68,16273,Shark Attack,Cocktail,Lemonade,Water,Vodka,,,,,,,,,,,,,1 can ,3 cans ,1 1/2 cup ,,,,,,,,,,,,
67,12188,Sherry Eggnog,Ordinary Drink,Sherry,Powdered sugar,Egg,Milk,Nutmeg,,,,,,,,,,,2 oz cream ,1 tsp ,1 whole ,,,,,,,,,,,,
66,12724,Sweet Bananas,Milk / Float / Shake,Milk,Banana,Honey,,,,,,,,,,,,,2 cups ,1 ,1 tblsp ,,,,,,,,,,,,
65,13024,Sweet Sangria,Punch / Party Drink,Red wine,Sugar,Water,Apple,Orange,Lime,Lemon,Fresca,,,,,,,,2 bottles ,1 cup ,2 cups hot ,1 cup," wedges
"," wedges
",,,,,,,,,
64,15184,San Francisco,Ordinary Drink,Vodka,Creme de Banane,Grenadine,Orange juice,,,,,,,,,,,,2 cl ,2 cl ,,,,,,,,,,,,,
63,15226,Space Odyssey,Ordinary Drink,151 proof rum,Malibu rum,Pineapple juice,Orange juice,Grenadine,Cherries,,,,,,,,,,1 shot Bacardi ,1 shot ,1 shot ,,,,,,,,,,,,
62,12138,Scotch Cobbler,Ordinary Drink,Scotch,Brandy,Curacao,Orange,Mint,,,,,,,,,,,2 oz ,4 dashes ,4 dashes ,1 slice ,1 ,,,,,,,,,,
61,12388,Thriller,Ordinary Drink,Scotch,Wine,Orange juice,,,,,,,,,,,,,1 1/2 oz ,1 oz Green Ginger ,1 oz ,,,,,,,,,,,,
60,12856,Tia-Maria,Homemade Liqueur,Water,Brown sugar,Coffee,Rum,Vanilla extract,,,,,,,,,,,1 cup ,3/4-1 cup ,4 tsp ,1 cup ,4 tsp ,,,,,,,,,,
59,17828,Tipperary,Cocktail,Irish Whiskey,Sweet Vermouth,Green Chartreuse,,,,,,,,,,,,,2 oz,1 oz,1/2 oz,,,,,,,,,,,,
58,15006,Turkeyball,Shot,Wild Turkey,Amaretto,Pineapple juice,,,,,,,,,,,,,1 oz ,3/4 oz ,1 splash ,,,,,,,,,,,,
57,12402,Tom Collins,Ordinary Drink,Gin,Lemon juice,Sugar,Club soda,Maraschino cherry,Orange,,,,,,,,,,2 oz ,1 oz ,1 tsp superfine ,3 oz ,1 ,1 ,,,,,,,,,
56,12726,Tomato Tang,Other/Unknown,Tomato juice,Lemon juice,Celery salt,,,,,,,,,,,,,2 cups ,1-2 tblsp ,1 dash ,,,,,,,,,,,,
55,12782,Thai Coffee,Coffee / Tea,Coffee,Coriander,Cardamom,Sugar,Whipping cream,Ice,,,,,,,,,,6 tblsp ground,1/4 tsp ,4-5 whole green ,,,,,,,,,,,,
54,15639,Texas Sling,Milk / Float / Shake,Kahlua,Irish cream,Amaretto,151 proof rum,Cream,,,,,,,,,,,1/2 oz ,1/2 oz ,1/2 oz ,1/2 oz Bacardi ,1 oz ,,,,,,,,,,
53,12362,Tequila Fizz,Ordinary Drink,Tequila,Lemon juice,Grenadine,Egg white,Ginger ale,,,,,,,,,,,2 oz ,1 tblsp ,3/4 oz ,1 ,,,,,,,,,,,
52,12370,Tequila Sour,Ordinary Drink,Tequila,Lemon,Powdered sugar,Lemon,Cherry,,,,,,,,,,,2 oz ,Juice of 1/2 ,1 tsp ,1/2 slice ,1 ,,,,,,,,,,
51,14860,Talos Coffee,Coffee / Tea,Grand Marnier,Coffee,,,,,,,,,,,,,,3 parts ,1 part ,,,,,,,,,,,,,
50,15515,Tennesee Mud,Coffee / Tea,Coffee,Jack Daniels,Amaretto,Whipped cream,,,,,,,,,,,,8 oz ,4 oz ,4 oz ,,,,,,,,,,,,
49,12418,Turf Cocktail,Ordinary Drink,Dry Vermouth,Gin,Anis,Bitters,Orange peel,,,,,,,,,,,1 oz ,1 oz ,1/4 tsp ,2 dashes ,Twist of ,,,,,,,,,,
48,12786,Thai Iced Tea,Coffee / Tea,Tea,Water,Condensed milk,Ice,Mint,,,,,,,,,,,1/4 cup Thai ,1/2 cup boiling ,2 tsp sweetened ,cubes,garnish,,,,,,,,,,
47,17247,The Last Word,Cocktail,Green Chartreuse,Maraschino Liqueur,Lime Juice,,,,,,,,,,,,,1 oz,1 oz,1 oz,,,,,,,,,,,,
46,17824,The Laverstoke,Cocktail,Gin,Elderflower cordial,Rosso Vermouth,Tonic Water,Lime,Ginger,Mint,,,,,,,,,50 ml,15 ml,15 ml,75 ml,2 Wedges,1 Slice,1 Large Sprig,,,,,,,,
45,12420,Tuxedo Cocktail,Ordinary Drink,Dry Vermouth,Gin,Maraschino liqueur,Anis,Orange bitters,Cherry,,,,,,,,,,1 1/2 oz ,1 1/2 oz ,1/4 tsp ,1/4 tsp ,2 dashes ,1 ,,,,,,,,,
44,13621,Tequila Sunrise,Cocktail,Tequila,Orange juice,Grenadine,,,,,,,,,,,,,2 measures ,,,,,,,,,,,,,,
43,178307,Tequila Slammer,Shot,Tequila,7-up,,,,,,,,,,,,,,1 shot,1 part,,,,,,,,,,,,,
42,12784,Thai Iced Coffee,Coffee / Tea,Coffee,Sugar,Cream,Cardamom,,,,,,,,,,,,black,," pods
",,,,,,,,,,,,
41,14602,Tequila Surprise,Shot,Tequila,Tabasco sauce,,,,,,,,,,,,,,full glass ,About 8 drops ,,,,,,,,,,,,,
40,17826,The Jimmy Conway,Cocktail,Irish Whiskey,Amaretto,Cranberry Juice,,,,,,,,,,,,,50 ml,50 ml,4 oz,,,,,,,,,,,,
39,15178,Texas Rattlesnake,Shot,Yukon Jack,Cherry brandy,Southern Comfort,Sweet and sour,,,,,,,,,,,,1 part ,1/2 part ,1 part ,1 splash ,,,,,,,,,,,
38,17216,Tommy's Margarita,Ordinary Drink,Tequila,Lime Juice,Agave syrup,,,,,,,,,,,,,4.5 cl,1.5 cl,2 spoons,,,,,,,,,,,,
37,16271,The Evil Blue Thing,Cocktail,Creme de Cacao,Blue Curacao,Light rum,,,,,,,,,,,,,1 1/2 oz ,1 oz ,1/2 oz ,,,,,,,,,,,,
36,12450,Victor,Ordinary Drink,Gin,Sweet Vermouth,Brandy,,,,,,,,,,,,,1 1/2 oz ,1/2 oz ,1/2 oz ,,,,,,,,,,,,
35,17218,Vesper,Cocktail,Gin,Vodka,Lillet Blanc,,,,,,,,,,,,,6 cl,1.5 cl,0.75 cl,,,,,,,,,,,,
34,12444,Vesuvio,Ordinary Drink,Light rum,Sweet Vermouth,Lemon,Powdered sugar,Egg white,,,,,,,,,,,1 oz ,1/2 oz ,Juice of 1/2 ,1 tsp ,1 ,,,,,,,,,,
33,12446,Veteran,Ordinary Drink,Dark rum,Cherry brandy,,,,,,,,,,,,,,2 oz ,1/2 oz ,,,,,,,,,,,,,
32,17217,Vampiro,Ordinary Drink,Tequila,Tomato Juice,Orange Juice,Lime Juice,Sugar Syrup,Salt,,,,,,,,,,6 cl,3 cl,3 cl,1.5 cl,1 dash,1 pinch,,,,,,,,,
31,12436,Van Vleet,Ordinary Drink,Light rum,Maple syrup,Lemon juice,,,,,,,,,,,,,3 oz ,1 oz ,1 oz ,,,,,,,,,,,,
30,16967,Vodka Fizz,Other/Unknown,Vodka,Half-and-half,Limeade,Ice,Nutmeg,,,,,,,,,,,2 oz ,2 oz ,2 oz ,,,,,,,,,,,,
29,14167,Vodka Martini,Ordinary Drink,Vodka,Dry Vermouth,Olive,,,,,,,,,,,,,1 1/2 oz ,3/4 oz ,1 ,,,,,,,,,,,,
28,15403,Vodka Russian,Ordinary Drink,Vodka,Schweppes Russchian,,,,,,,,,,,,,,2 oz ,,,,,,,,,,,,,,
27,12442,Vermouth Cassis,Ordinary Drink,Dry Vermouth,Creme de Cassis,Carbonated water,,,,,,,,,,,,,1 1/2 oz ,3/4 oz ,,,,,,,,,,,,,
26,12452,Victory Collins,Ordinary Drink,Vodka,Lemon juice,Grape juice,Powdered sugar,Orange,,,,,,,,,,,1 1/2 oz ,3 oz ,3 oz unsweetened ,1 tsp ,1 slice ,,,,,,,,,,
25,12460,Vodka And Tonic,Ordinary Drink,Vodka,Tonic water,,,,,,,,,,,,,,2 oz ,,,,,,,,,,,,,,
24,12434,Valencia Cocktail,Ordinary Drink,Apricot brandy,Orange juice,Orange bitters,,,,,,,,,,,,,1 1/2 oz ,1 tblsp ,2 dashes ,,,,,,,,,,,,
23,12518,Whisky Mac,Ordinary Drink,Scotch,Wine,,,,,,,,,,,,,,1 1/2 oz ,1 oz Green Ginger ,,,,,,,,,,,,,
22,13058,Wine Punch,Punch / Party Drink,Red wine,Lemon,Orange juice,Orange,Pineapple juice,,,,,,,,,,,1 bottle ,2 ,1 cup ,3 ,1 cup ,,,,,,,,,,
21,17194,White Lady,Ordinary Drink,Gin,Triple Sec,Lemon Juice,,,,,,,,,,,,,4cl,3cl,2cl,,,,,,,,,,,,
20,13056,Wine Cooler,Punch / Party Drink,Red wine,Lemon-lime soda,Ice,,,,,,,,,,,,,2 oz white or ,5 oz ,cubes,,,,,,,,,,,,
19,11004,Whiskey Sour,Ordinary Drink,Blended whiskey,Lemon,Powdered sugar,Cherry,Lemon,,,,,,,,,,,2 oz ,Juice of 1/2 ,1/2 tsp ,1 ,1/2 slice ,,,,,,,,,,
18,12528,White Russian,Ordinary Drink,Vodka,Coffee liqueur,Light cream,,,,,,,,,,,,,2 oz ,1 oz ,,,,,,,,,,,,,
17,16158,Whitecap Margarita,Other/Unknown,Ice,Tequila,Cream of coconut,Lime juice,,,,,,,,,,,,1 cup ,2 oz ,1/4 cup ,3 tblsp fresh ,,,,,,,,,,,
16,178326,White Wine Sangria,Punch / Party Drink,Lime,lemon,White Wine,Strawberries,Apple,Apple Brandy,Soda Water,,,,,,,,,1,1,750 ml,1 cup,1 cup,3 shots,Top,,,,,,,,
15,12474,Waikiki Beachcomber,Ordinary Drink,Triple sec,Gin,Pineapple juice,,,,,,,,,,,,,3/4 oz ,3/4 oz ,1 tblsp ,,,,,,,,,,,,
14,17219,Yellow Bird,Cocktail,White Rum,Galliano,Triple Sec,Lime Juice,,,,,,,,,,,,3 cl,1.5 cl,1.5 cl,1.5 cl,,,,,,,,,,,
13,12728,Yoghurt Cooler,Other/Unknown,Yoghurt,Fruit,Ice,,,,,,,,,,,,,1 cup ,1 cup ,,,,,,,,,,,,,
12,15328,Zorro,Coffee / Tea,Sambuca,Baileys irish cream,White Creme de Menthe,,,,,,,,,,,,,2 cl ,2 cl ,2 cl ,,,,,,,,,,,,
11,14888,Zinger,Soft Drink / Soda,Peachtree schnapps,Surge,,,,,,,,,,,,,,4 shots ,4 shots ,,,,,,,,,,,,,
10,15691,Zoksel,Soft Drink / Soda,Beer,Root beer,Lemonade,Coca-Cola,7-Up,Creme de Cassis,Lemon,,,,,,,,,,,," slice
",,,,,,,,,,,
9,17241,Zombie,Cocktail,Rum,Gold rum,151 proof rum,Pernod,Grenadine,Lime Juice,Angostura Bitters,,,,,,,,,1 1/2 oz,1 1/2 oz,1 oz,1 tsp,1 tsp,1 tsp,1 drop,,,,,,,,
8,15933,Zambeer,Soft Drink / Soda,Sambuca,Root beer,Ice,,,,,,,,,,,,,1 1/2 oz ,Add 10 oz ,cubes,,,,,,,,,,,,
7,16963,Zorbatini,Cocktail,Vodka,Ouzo,,,,,,,,,,,,,,1 1/4 oz Stoli ,1/4 oz ,,,,,,,,,,,,,
6,15254,Zenmeister,Ordinary Drink,Jägermeister,Root beer,,,,,,,,,,,,,,1/2 oz ,1/2 oz ,,,,,,,,,,,,,
5,16942,Zipperhead,Shot,Chambord raspberry liqueur,Vodka,Soda water,,,,,,,,,,,,,1 shot ,1 shot ,Fill with ,,,,,,,,,,,,
4,17027,Zima Blaster,Ordinary Drink,Zima,Chambord raspberry liqueur,,,,,,,,,,,,,,12 oz ,3 oz ,,,,,,,,,,,,,
3,14594,Zizi Coin-coin,Punch / Party Drink,Cointreau,Lemon juice,Ice,Lemon,,,,,,,,,,,,5 cl ,2 cl ,cubes," or lime
",,,,,,,,,,,
2,14065,Zippy's Revenge,Cocktail,Amaretto,Rum,Kool-Aid,,,,,,,,,,,,,2 oz ,2 oz ,4 oz Grape ,,,,,,,,,,,,
1,15801,Zimadori Zinger,Punch / Party Drink,Midori melon liqueur,Zima,,,,,,,,,,,,,,1.5 oz ,12 oz ,,,,,,,,,,,,,
0,14157,Ziemes Martini Apfelsaft,Ordinary Drink,Vermouth,Apple juice,,,,,,,,,,,,,,4 cl ,16 cl ,,,,,,,,,,,,,
